{
	"format_version": "1.16.100",
	"minecraft:block": {
		"description": {
			"identifier": "bmgo:pea_plant",
			"menu_category": {
				"category": "none"
			},
			"properties": {
				"bmgo:growth_stage": [0, 1, 2, 3, 4]
			}
		},
		"components": {
			"minecraft:flammable": {
				"burn_odds": 45,
				"flame_odds": 80
			},
			"minecraft:destructible_by_mining": {
				"seconds_to_destroy": 0.5
			},
			"minecraft:placement_filter": {
				"conditions": [{
					"allowed_faces": [
						"up"
					],
					"block_filter": [
						"bmgo:farmland",
						"bmgo:farmland_wet",
						"bmgo:bm_farmland",
						"bmgo:bm_farmland_wet"
					]
				}]
			},
			"minecraft:random_ticking": {
				"on_tick": {
					"event": "bmgo:grow_stage"
				}
			},
			"minecraft:on_interact": {
				"event": "bmgo:meal",
				"condition": "query.get_equipped_item_name('main_hand') == 'bone_meal'"
			},
			"minecraft:collision_box": false,
			"minecraft:geometry": "geometry.crop.cross",
			"minecraft:breathability": "air",
			"minecraft:friction": 0.2,
			"minecraft:map_color": "#EA2F31",
			"minecraft:light_dampening": 0.0,
			"tag:crop": {}
		},
		"events": {

			"bmgo:grow_stage": {
				"randomize": [{
						"weight": 2
					},
					{
						"weight": 1,
						"set_block_state": {
							"bmgo:growth_stage": "(query.block_property('bmgo:growth_stage')<4) ? query.block_property('bmgo:growth_stage') + 1 : 4"
						}
					}
				]
			},
			"bmgo:meal": {
				"sequence": [{
						"decrement_stack": {}
					},
					{
						"run_command": {
							"command": [
								"particle minecraft:crop_growth_emitter ~~~"
							]
						}
					},
					{
						"trigger": {
							"event": "bmgo:grow_stage"
						}
					}
				]
			}
		},
		"permutations": [
			{
				"condition": "query.block_property('bmgo:growth_stage') == 0",
				"components": {
					"minecraft:material_instances": {
						"*": {
							"ambient_occlusion": false,
							"face_dimming": false,
							"texture": "pea_block1",
							"render_method": "alpha_test"
						}
					},
					"minecraft:loot": "",
					"minecraft:selection_box": {
						"origin": [-7, 0, -7],
						"size": [14, 14, 14]
					}
				}
			},
			{
				"condition": "query.block_property('bmgo:growth_stage') == 1",
				"components": {
					"minecraft:material_instances": {
						"*": {
							"ambient_occlusion": false,
							"face_dimming": false,
							"texture": "pea_block2",
							"render_method": "alpha_test"
						}
					},
					"minecraft:loot": "plant/pea0.json",
					"minecraft:selection_box": {
						"origin": [-7, 0, -7],
						"size": [14, 14, 14]
					}
				}
			},
			{
				"condition": "query.block_property('bmgo:growth_stage') == 2",
				"components": {
					"minecraft:material_instances": {
						"*": {
							"ambient_occlusion": false,
							"face_dimming": false,
							"texture": "pea_block3",
							"render_method": "alpha_test"
						}
					},
					"minecraft:loot": "plant/pea0.json",
					"minecraft:selection_box": {
						"origin": [-7, 0, -7],
						"size": [14, 14, 14]
					}
				}
			},
			{
				"condition": "query.block_property('bmgo:growth_stage') == 3",
				"components": {
					"minecraft:material_instances": {
						"*": {
							"ambient_occlusion": false,
							"face_dimming": false,
							"texture": "pea_block",
							"render_method": "alpha_test"
						}
					},
					"minecraft:loot": "plant/pea0.json",
					"minecraft:selection_box": {
						"origin": [-7, 0, -7],
						"size": [14, 14, 14]
					}
				}
			},
			{
				"condition": "query.block_property('bmgo:growth_stage') == 4",
				"components": {
					"minecraft:material_instances": {
						"*": {
							"ambient_occlusion": false,
							"face_dimming": false,
							"texture": "pea_block4",
							"render_method": "alpha_test"
						}
					},
					"minecraft:loot": "plant/pea1.json",
					"minecraft:selection_box": {
						"origin": [-7, 0, -7],
						"size": [14, 14, 14]
					}
				}
			}
		]
	}
}
