{
  "format_version": "1.16.100",
  "minecraft:block": {
    "description": {
      "identifier": "bmgo:crate1",
      "category": "Construction"
    },
    "components": {
      "minecraft:loot": "loot_tables/blocks/pa_fix_block2.json",
      "minecraft:destroy_time": 0.1,
      "minecraft:friction": 0.8,
      "minecraft:map_color": "#FFFFFF",
      "minecraft:explosion_resistance": 9999,
      "minecraft:block_light_absorption": 0.0,
      "minecraft:block_light_emission": 0.0,
      "minecraft:on_player_destroyed": {
        "event": "remove:block",
        "target": "self"
      },
      "minecraft:on_step_on": {
        "event": "step:on",
        "target": "self"
      },
      "minecraft:on_step_off": {
        "event": "step:off",
        "target": "self"
      },
      "minecraft:on_placed": {
        "event": "size:block",
        "target": "self"
      },
      "minecraft:random_ticking": {
        "on_tick": {
          "event": "random:tick",
          "target": "self"
        }
      },
      "minecraft:on_fall_on": {
        "event": "fall:on",
        "target": "self"
      },
      "minecraft:ticking": {
        "looping": true,
        "range": [
          10,
          10
        ],
        "on_tick": {
          "event": "on_tick",
          "target": "self"
        }
      },
      "minecraft:creative_category": {
        "category": "nature"
      }
    },
    "events": {
      "remove:block": {},
      "size:block": {},
      "step:on": {
        "run_command": {
          "command": [
            "setblock ~ ~ ~ air"
          ],
          "target": "self"
        }
      },
      "step:off": {},
      "on_tick": {},
      "random:tick": {},
      "fall:on": {}
    }
  }
}
