{
  "format_version": "1.16.100",
  "minecraft:block": {
    "description": {
      "identifier": "bmgo:fake_stone"
    },
    "components": {
      "minecraft:destroy_time": 0.2,
      "minecraft:map_color": "#FFFFFF",
      "minecraft:explosion_resistance": 1.0,
      "minecraft:light_dampening": 1.0,
      "minecraft:material_instances": {
        "*": {
          "texture": "bmgo:fake_stone",
          "render_method": "alpha_test"
        }
      },
      "tag:stone": {},
      "minecraft:entity_collision": {
        "origin": [
          0,
          0,
          0
        ],
        "size": [
          0,
          0,
          0
        ]
      },
      "minecraft:pick_collision": {
        "origin": [
          -8,
          0,
          -8
        ],
        "size": [
          16,
          16,
          16
        ]
      },
      "minecraft:creative_category": {
        "category": "Construction"
      }
    }
  }
}
