{
  "format_version": "1.16.100",
  "minecraft:block": {
    "description": {
      "identifier": "bmgo:roof_slab",
      "properties": {
        "slab:interact": [
          0,
          1
        ]
      }
    },
    "components": {
      "minecraft:loot": "loot_tables/roof_slab.json",
      "minecraft:destroy_time": 0.2,
      "minecraft:map_color": "#FFFFFF",
      "minecraft:explosion_resistance": 1.0,
      "minecraft:block_light_absorption": 0.0,
      "minecraft:block_light_emission": 0.0,
      "minecraft:material_instances": {
        "*": {
          "texture": "roof",
          "render_method": "opaque"
        }
      },
      "tag:stone": {},
      "minecraft:on_player_destroyed": {
        "event": "remove:block",
        "target": "self"
      },
      "minecraft:on_step_on": {
        "event": "step:on",
        "target": "self"
      },
      "minecraft:on_step_off": {
        "event": "step:off",
        "target": "self"
      },
      "minecraft:on_placed": {
        "event": "size:block",
        "target": "self"
      },
      "minecraft:random_ticking": {
        "on_tick": {
          "event": "random:tick",
          "target": "self"
        }
      },
      "minecraft:on_fall_on": {
        "event": "fall:on",
        "target": "self"
      },
      "minecraft:ticking": {
        "looping": true,
        "range": [
          10,
          10
        ],
        "on_tick": {
          "event": "on_tick",
          "target": "self"
        }
      },
      "minecraft:creative_category": {
        "category": "Construction"
      }
    },
    "permutations": [
      {
        "condition": "query.block_property('slab:interact') == 0",
        "components": {
          "minecraft:geometry": "geometry.pa_slab",
          "minecraft:on_interact": {
            "event": "block",
            "target": "self",
            "condition": "query.get_equipped_item_name('main_hand') == 'roof_slab'"
          },
          "minecraft:entity_collision": {
            "origin": [
              -8,
              0,
              -8
            ],
            "size": [
              16,
              8,
              16
            ]
          },
          "minecraft:pick_collision": {
            "origin": [
              -8,
              0,
              -8
            ],
            "size": [
              16,
              8,
              16
            ]
          }
        }
      },
      {
        "condition": "query.block_property('slab:interact') == 1",
        "components": {
          "minecraft:loot": "loot_tables/roof_slab2.json",
          "minecraft:unit_cube": {}
        }
      }
    ],
    "events": {
      "block": {
        "set_block_property": {
          "slab:interact": 1
        },
        "decrement_stack": {}
      },
      "remove:block": {},
      "size:block": {},
      "step:on": {},
      "step:off": {},
      "on_tick": {},
      "random:tick": {},
      "fall:on": {}
    }
  }
}
