{
    "format_version": "1.16.100",
    "minecraft:block": {
        "description": {
            "identifier": "bmgo:chrismastree",
            "properties": {
                "bmgo:block_rotation": [
                    2,
                    3,
                    4,
                    5
                ]
            }
        },
        "components": {
            "minecraft:on_placed": {
                "event": "bmgo:update_rotation",
                "target": "self"
            },
            "minecraft:on_player_placing": {
                "event": "bmgo:update_rotation"
            },
            "minecraft:destroy_time": 1,
            "minecraft:block_light_absorption": 0,
            "minecraft:material_instances": {
                "*": {
                    "render_method": "alpha_test",
                    "texture": "chrismas1"
                }
            },
            "minecraft:geometry": "geometry.chirstmas_tree0",
            "minecraft:pick_collision": {
                "origin": [
                    -8,
                    0,
                    -8
                ],
                "size": [
                    16,
                    16,
                    16
                ]
            },
            "minecraft:entity_collision": {
                "origin": [
                    -8,
                    0,
                    -8
                ],
                "size": [
                    16,
                    16,
                    16
                ]
            },
            "minecraft:creative_category": {
                "category": "Construction"
            },
            "tag:fast_pickaxe_mineable": {}
        },
        "permutations": [
            {
                "condition": "query.block_property('bmgo:block_rotation') == 2",
                "components": {
                    "minecraft:rotation": [
                        0,
                        180,
                        0
                    ]
                }
            },
            {
                "condition": "query.block_property('bmgo:block_rotation') == 3",
                "components": {
                    "minecraft:rotation": [
                        0,
                        0,
                        0
                    ]
                }
            },
            {
                "condition": "query.block_property('bmgo:block_rotation') == 4",
                "components": {
                    "minecraft:rotation": [
                        0,
                        270,
                        0
                    ]
                }
            },
            {
                "condition": "query.block_property('bmgo:block_rotation') == 5",
                "components": {
                    "minecraft:rotation": [
                        0,
                        90,
                        0
                    ]
                }
            }
        ],
        "events": {
            "bmgo:update_rotation": {
                "set_block_property": {
                    "bmgo:block_rotation": "query.cardinal_facing_2d"
                }
            }
        }
    }
}
