{
	"format_version": "1.16.100",
	"minecraft:block": {
		"description": {
			"identifier": "bmgo:candyplant1",
			"menu_category": {
				"category": "none"
			},
			"properties": {
				"bmgo:growth_stage": [0, 1, 2, 3, 4],
				"bmgo:direction": [0, 1, 2, 3]
			}
		},
		"components": {
			"minecraft:flammable": {
				"burn_odds": 45,
				"flame_odds": 80
			},
			"minecraft:destructible_by_mining": {
				"seconds_to_destroy": 0.5
			},
			"minecraft:placement_filter": {
				"conditions": [{
					"allowed_faces": [
						"up"
					],
					"block_filter": [
						"bmgo:farmland",
						"bmgo:farmland_wet",
						"bmgo:bm_farmland",
						"bmgo:bm_farmland_wet"
					]
				}]
			},
			"minecraft:random_ticking": {
				"on_tick": {
					"event": "bmgo:grow_stage"
				}
			},
			"minecraft:on_interact": {
				"event": "bmgo:meal",
				"condition": "query.get_equipped_item_name('main_hand') == 'bone_meal'"
			},
			"minecraft:on_placed": {
				"event": "bmgo:setup"
			},
			"minecraft:collision_box": false,
			"minecraft:geometry": "geometry.crop.cross",
			"minecraft:breathability": "air",
			"minecraft:friction": 0.2,
			"minecraft:map_color": "#EA2F31",
			"minecraft:light_dampening": 0.0,
			"tag:crop": {}
		},
		"events": {
			"bmgo:setup": {
				"sequence": [{
						"trigger": "bmgo:set_direction"
					}
				]
			},
			"bmgo:set_direction": {
				"randomize": [
					{
						"weight": 25,
						"set_block_state": {
							"bmgo:direction": "0"
						}
					},
					{
						"weight": 25,
						"set_block_state": {
							"bmgo:direction": "1"
						}
					},
					{
						"weight": 25,
						"set_block_state": {
							"bmgo:direction": "2"
						}
					},
					{
						"weight": 25,
						"set_block_state": {
							"bmgo:direction": "3"
						}
					}
				]
			},
			"bmgo:grow_stage": {
				"randomize": [{
						"weight": 1
					},
					{
						"weight": 1,
						"set_block_state": {
							"bmgo:growth_stage": "(query.block_property('bmgo:growth_stage')<4) ? query.block_property('bmgo:growth_stage') + 1 : 4"
						}
					}
				]
			},
			"bmgo:final_drop": {
				"spawn_loot": {
					"table": "plant/candy/candyplant1done1.json"
				},
				"set_block": {
					"block_type": "bmgo:candyplant1"
				}
			},
			"bmgo:meal": {
				"sequence": [{
						"decrement_stack": {}
					},
					{
						"run_command": {
							"command": [
								"particle minecraft:crop_growth_emitter ~~~"
							]
						}
					},
					{
						"trigger": {
							"event": "bmgo:grow_stage"
						}
					}
				]
			}
		},
		"permutations": [{
				"condition": "query.block_property('bmgo:direction') == 0",
				"components": {
					"minecraft:rotation": [
						0,
						180,
						0
					]
				}
			},
			{
				"condition": "query.block_property('bmgo:direction') == 1",
				"components": {
					"minecraft:rotation": [
						0,
						0,
						0
					]
				}
			},
			{
				"condition": "query.block_property('bmgo:direction') == 2",
				"components": {
					"minecraft:rotation": [
						0,
						270,
						0
					]
				}
			},
			{
				"condition": "query.block_property('bmgo:direction') == 3",
				"components": {
					"minecraft:rotation": [
						0,
						90,
						0
					]
				}
			},		
			{
				"condition": "query.block_property('bmgo:growth_stage') == 0",
				"components": {
					"minecraft:material_instances": {
						"*": {
							"ambient_occlusion": false,
							"face_dimming": false,
							"texture": "candyplant1_1",
							"render_method": "alpha_test"
						}
					},
					"minecraft:loot": "",
					"minecraft:selection_box": {
						"origin": [-7, 0, -7],
						"size": [14, 14, 14]
					}
				}
			},
			{
				"condition": "query.block_property('bmgo:growth_stage') == 1",
				"components": {
					"minecraft:material_instances": {
						"*": {
							"ambient_occlusion": false,
							"face_dimming": false,
							"texture": "candyplant1_1",
							"render_method": "alpha_test"
						}
					},
					"minecraft:loot": "",
					"minecraft:selection_box": {
						"origin": [-7, 0, -7],
						"size": [14, 14, 14]
					}
				}
			},
			{
				"condition": "query.block_property('bmgo:growth_stage') == 2",
				"components": {
					"minecraft:material_instances": {
						"*": {
							"ambient_occlusion": false,
							"face_dimming": false,
							"texture": "candyplant1_1",
							"render_method": "alpha_test"
						}
					},
					"minecraft:loot": "",
					"minecraft:selection_box": {
						"origin": [-7, 0, -7],
						"size": [14, 14, 14]
					}
				}
			},
			{
				"condition": "query.block_property('bmgo:growth_stage') == 3",
				"components": {
					"minecraft:material_instances": {
						"*": {
							"ambient_occlusion": false,
							"face_dimming": false,
							"texture": "candyplant1_1",
							"render_method": "alpha_test"
						}
					},
					"minecraft:loot": "",
					"minecraft:selection_box": {
						"origin": [-7, 0, -7],
						"size": [14, 14, 14]
					}
				}
			},
			{
				"condition": "query.block_property('bmgo:growth_stage') == 4",
				"components": {
					"minecraft:material_instances": {
						"*": {
							"ambient_occlusion": false,
							"face_dimming": false,
							"texture": "candyplant1",
							"render_method": "alpha_test"
						}
					},
					"minecraft:loot": "plant/candy/candyplant1done.json",
					"minecraft:selection_box": {
						"origin": [-7, 0, -7],
						"size": [14, 14, 14]
					},
					"minecraft:on_interact": {
						"event": "bmgo:final_drop",
						"target": "self"
					}
				}
			}
		]
	}
}
